name,age,Email,dob
a1,20,a1@example.com,2000-01-01
a2,21,a2@example.com,2000-01-02
a3,22,a3@example.com,2000-01-03
a4,23,a4@example.com,2000-01-04
a5,24,a5@example.com,2000-01-05
a6,25,a6@example.com,2000-01-06
a7,26,a7@example.com,2000-01-07
a8,27,a8@example.com,2000-01-08
a9,28,a9@example.com,2000-01-09
a10,29,a10@example.com,2000-01-10
a11,30,a11@example.com,2000-01-11
a12,31,a12@example.com,2000-01-12
a13,32,a13@example.com,2000-01-13
a14,33,a14@example.com,2000-01-14
a15,34,a15@example.com,2000-01-15
a16,35,a16@example.com,2000-01-16
a17,36,a17@example.com,2000-01-17
a18,37,a18@example.com,2000-01-18
a19,38,a19@example.com,2000-01-19
a20,39,a20@example.com,2000-01-20
a21,40,a21@example.com,2000-01-21
a22,41,a22@example.com,2000-01-22
a23,42,a23@example.com,2000-01-23
a24,43,a24@example.com,2000-01-24
a25,44,a25@example.com,2000-01-25
a26,45,a26@example.com,2000-01-26
a27,46,a27@example.com,2000-01-27
a28,47,a28@example.com,2000-01-28
a29,48,a29@example.com,2000-01-29
a30,49,a30@example.com,2000-01-30
a31,50,a31@example.com,2000-01-31
a32,51,a32@example.com,2000-02-01
a33,52,a33@example.com,2000-02-02
a34,53,a34@example.com,2000-02-03
a35,54,a35@example.com,2000-02-04
a36,55,a36@example.com,2000-02-05
a37,56,a37@example.com,2000-02-06
a38,57,a38@example.com,2000-02-07
a39,58,a39@example.com,2000-02-08
a40,59,a40@example.com,2000-02-09
a41,60,a41@example.com,2000-02-10
a42,61,a42@example.com,2000-02-11
a43,62,a43@example.com,2000-02-12
a44,63,a44@example.com,2000-02-13
a45,64,a45@example.com,2000-02-14
a46,65,a46@example.com,2000-02-15
a47,66,a47@example.com,2000-02-16
a48,67,a48@example.com,2000-02-17
a49,68,a49@example.com,2000-02-18
a50,69,a50@example.com,2000-02-19
a51,70,a51@example.com,2000-02-20
a52,71,a52@example.com,2000-02-21
a53,72,a53@example.com,2000-02-22
a54,73,a54@example.com,2000-02-23
a55,74,a55@example.com,2000-02-24
a56,75,a56@example.com,2000-02-25
a57,76,a57@example.com,2000-02-26
a58,77,a58@example.com,2000-02-27
a59,78,a59@example.com,2000-02-28
a60,79,a60@example.com,2000-02-29
a61,80,a61@example.com,2000-03-01
a62,81,a62@example.com,2000-03-02
a63,82,a63@example.com,2000-03-03
a64,83,a64@example.com,2000-03-04
a65,84,a65@example.com,2000-03-05
a66,85,a66@example.com,2000-03-06
a67,86,a67@example.com,2000-03-07
a68,87,a68@example.com,2000-03-08
a69,88,a69@example.com,2000-03-09
a70,89,a70@example.com,2000-03-10
a71,90,a71@example.com,2000-03-11
a72,91,a72@example.com,2000-03-12
a73,92,a73@example.com,2000-03-13
a74,93,a74@example.com,2000-03-14
a75,94,a75@example.com,2000-03-15
a76,95,a76@example.com,2000-03-16
a77,96,a77@example.com,2000-03-17
a78,97,a78@example.com,2000-03-18
a79,98,a79@example.com,2000-03-19
a80,99,a80@example.com,2000-03-20
a81,100,a81@example.com,2000-03-21
a82,101,a82@example.com,2000-03-22
a83,102,a83@example.com,2000-03-23
a84,103,a84@example.com,2000-03-24
a85,104,a85@example.com,2000-03-25
a86,105,a86@example.com,2000-03-26
a87,106,a87@example.com,2000-03-27
a88,107,a88@example.com,2000-03-28
a89,108,a89@example.com,2000-03-29
a90,109,a90@example.com,2000-03-30
a91,110,a91@example.com,2000-03-31
a92,111,a92@example.com,2000-04-01
a93,112,a93@example.com,2000-04-02
a94,113,a94@example.com,2000-04-03
a95,114,a95@example.com,2000-04-04
a96,115,a96@example.com,2000-04-05
a97,116,a97@example.com,2000-04-06
a98,117,a98@example.com,2000-04-07
a99,118,a99@example.com,2000-04-08
a100,119,a100@example.com,2000-04-09

